<?xml version="1.0" encoding="UTF-8" standalone="no"?>
<Pagelet>
    <DataPagelet>
        <PageletHeader>
            <PageletName>EIPLIVR</PageletName>
            <PageletDescription>EIPLIVR</PageletDescription>
            <PageletVersion>1.0</PageletVersion>
        </PageletHeader>
        <PageletBody>
            <PageletFields>
                <PageletField>
                    <FieldOrderID>16</FieldOrderID>
                    <FieldName>cav_sp_mm_ann_stop</FieldName>
                    <FieldDisplayName>Stop Date Time</FieldDisplayName>
                    <FieldType>Datetime</FieldType>
                    <FieldValidation>
                        <DatetimeValidation>
                            <DateFormat>dd-MM-yyyy</DateFormat>
                            <TimeFormat>HH:mm</TimeFormat>
                        </DatetimeValidation>
                    </FieldValidation>
                    <FieldDefaultValue/>
                    <IsFieldTemplatable>true</IsFieldTemplatable>
                    <IsFieldMandatory>false</IsFieldMandatory>
                    <FieldDescription>Format dd-MM-yyyy HH:mm</FieldDescription>
                    <FieldAccessLevel>1</FieldAccessLevel>
                    <FieldScope>Local</FieldScope>
                </PageletField>
                <PageletField>
                    <FieldOrderID>11</FieldOrderID>
                    <FieldName>cav_sp_off_ann_file2</FieldName>
                    <FieldDisplayName>Non Office Hour Special Announcement File 2</FieldDisplayName>
                    <FieldType>File</FieldType>
                    <FieldValidation>
                        <FileValidation>
                            <FilePagelet>
                                <FilePageletInfo>
                                    <FileExtension>wav</FileExtension>
                                </FilePageletInfo>
                            </FilePagelet>
                        </FileValidation>
                    </FieldValidation>
                    <FieldDefaultValue/>
                    <IsFieldTemplatable>true</IsFieldTemplatable>
                    <IsFieldMandatory>false</IsFieldMandatory>
                    <FieldDescription/>
                    <FieldAccessLevel>1</FieldAccessLevel>
                    <FieldScope>Local</FieldScope>
                </PageletField>
                <PageletField>
                    <FieldOrderID>17</FieldOrderID>
                    <FieldName>cav_sp_exp_ann_file</FieldName>
                    <FieldDisplayName>Existing Policy Special Announcement File</FieldDisplayName>
                    <FieldType>File</FieldType>
                    <FieldValidation>
                        <FileValidation>
                            <FilePagelet>
                                <FilePageletInfo>
                                    <FileExtension>wav</FileExtension>
                                </FilePageletInfo>
                            </FilePagelet>
                        </FileValidation>
                    </FieldValidation>
                    <FieldDefaultValue/>
                    <IsFieldTemplatable>true</IsFieldTemplatable>
                    <IsFieldMandatory>false</IsFieldMandatory>
                    <FieldDescription/>
                    <FieldAccessLevel>1</FieldAccessLevel>
                    <FieldScope>Local</FieldScope>
                </PageletField>
                <PageletField>
                    <FieldOrderID>14</FieldOrderID>
                    <FieldName>cav_sp_mm_ann_file</FieldName>
                    <FieldDisplayName>Main Menu Special Announcement File</FieldDisplayName>
                    <FieldType>File</FieldType>
                    <FieldValidation>
                        <FileValidation>
                            <FilePagelet>
                                <FilePageletInfo>
                                    <FileExtension>wav</FileExtension>
                                </FilePageletInfo>
                            </FilePagelet>
                        </FileValidation>
                    </FieldValidation>
                    <FieldDefaultValue/>
                    <IsFieldTemplatable>true</IsFieldTemplatable>
                    <IsFieldMandatory>false</IsFieldMandatory>
                    <FieldDescription/>
                    <FieldAccessLevel>1</FieldAccessLevel>
                    <FieldScope>Local</FieldScope>
                </PageletField>
                <PageletField>
                    <FieldOrderID>2</FieldOrderID>
                    <FieldName>cav_officehour_hourstart</FieldName>
                    <FieldDisplayName>Working Hour Start Time</FieldDisplayName>
                    <FieldType>Time</FieldType>
                    <FieldValidation>
                        <TimeValidation>
                            <TimeFormat>HH:mm</TimeFormat>
                        </TimeValidation>
                    </FieldValidation>
                    <FieldDefaultValue/>
                    <IsFieldTemplatable>true</IsFieldTemplatable>
                    <IsFieldMandatory>true</IsFieldMandatory>
                    <FieldDescription>Format HH:mm</FieldDescription>
                    <FieldAccessLevel>1</FieldAccessLevel>
                    <FieldScope>Local</FieldScope>
                </PageletField>
                <PageletField>
                    <FieldOrderID>15</FieldOrderID>
                    <FieldName>cav_sp_mm_ann_start</FieldName>
                    <FieldDisplayName>Start Date Time</FieldDisplayName>
                    <FieldType>Datetime</FieldType>
                    <FieldValidation>
                        <DatetimeValidation>
                            <DateFormat>dd-MM-yyyy</DateFormat>
                            <TimeFormat>HH:mm</TimeFormat>
                        </DatetimeValidation>
                    </FieldValidation>
                    <FieldDefaultValue/>
                    <IsFieldTemplatable>true</IsFieldTemplatable>
                    <IsFieldMandatory>false</IsFieldMandatory>
                    <FieldDescription>Format dd-MM-yyyy HH:mm</FieldDescription>
                    <FieldAccessLevel>1</FieldAccessLevel>
                    <FieldScope>Local</FieldScope>
                </PageletField>
                <PageletField>
                    <FieldOrderID>19</FieldOrderID>
                    <FieldName>cav_sp_exp_ann_stop</FieldName>
                    <FieldDisplayName>Stop Date Time</FieldDisplayName>
                    <FieldType>Datetime</FieldType>
                    <FieldValidation>
                        <DatetimeValidation>
                            <DateFormat>dd-MM-yyyy</DateFormat>
                            <TimeFormat>HH:mm</TimeFormat>
                        </DatetimeValidation>
                    </FieldValidation>
                    <FieldDefaultValue/>
                    <IsFieldTemplatable>true</IsFieldTemplatable>
                    <IsFieldMandatory>false</IsFieldMandatory>
                    <FieldDescription>Format dd-MM-yyyy HH:mm</FieldDescription>
                    <FieldAccessLevel>1</FieldAccessLevel>
                    <FieldScope>Local</FieldScope>
                </PageletField>
                <PageletField>
                    <FieldOrderID>8</FieldOrderID>
                    <FieldName>cav_sp_off_ann_file</FieldName>
                    <FieldDisplayName>Non Office Hour Special Announcement File</FieldDisplayName>
                    <FieldType>File</FieldType>
                    <FieldValidation>
                        <FileValidation>
                            <FilePagelet>
                                <FilePageletInfo>
                                    <FileExtension>wav</FileExtension>
                                </FilePageletInfo>
                            </FilePagelet>
                        </FileValidation>
                    </FieldValidation>
                    <FieldDefaultValue/>
                    <IsFieldTemplatable>true</IsFieldTemplatable>
                    <IsFieldMandatory>false</IsFieldMandatory>
                    <FieldDescription/>
                    <FieldAccessLevel>1</FieldAccessLevel>
                    <FieldScope>Local</FieldScope>
                </PageletField>
                <PageletField>
                    <FieldOrderID>5</FieldOrderID>
                    <FieldName>cav_sp_gt_ann_file</FieldName>
                    <FieldDisplayName>Greeting Special Announcement File</FieldDisplayName>
                    <FieldType>File</FieldType>
                    <FieldValidation>
                        <FileValidation>
                            <FilePagelet>
                                <FilePageletInfo>
                                    <FileExtension>wav</FileExtension>
                                </FilePageletInfo>
                            </FilePagelet>
                        </FileValidation>
                    </FieldValidation>
                    <FieldDefaultValue/>
                    <IsFieldTemplatable>true</IsFieldTemplatable>
                    <IsFieldMandatory>false</IsFieldMandatory>
                    <FieldDescription/>
                    <FieldAccessLevel>1</FieldAccessLevel>
                    <FieldScope>Local</FieldScope>
                </PageletField>
                <PageletField>
                    <FieldOrderID>3</FieldOrderID>
                    <FieldName>cav_officehour_hourstop</FieldName>
                    <FieldDisplayName>Working Hour StopTime</FieldDisplayName>
                    <FieldType>Time</FieldType>
                    <FieldValidation>
                        <TimeValidation>
                            <TimeFormat>HH:mm</TimeFormat>
                        </TimeValidation>
                    </FieldValidation>
                    <FieldDefaultValue/>
                    <IsFieldTemplatable>true</IsFieldTemplatable>
                    <IsFieldMandatory>true</IsFieldMandatory>
                    <FieldDescription>Format HH:mm</FieldDescription>
                    <FieldAccessLevel>1</FieldAccessLevel>
                    <FieldScope>Local</FieldScope>
                </PageletField>
                <PageletField>
                    <FieldOrderID>7</FieldOrderID>
                    <FieldName>cav_sp_gt_ann_stop</FieldName>
                    <FieldDisplayName>Stop Date Time</FieldDisplayName>
                    <FieldType>Datetime</FieldType>
                    <FieldValidation>
                        <DatetimeValidation>
                            <DateFormat>dd-MM-yyyy</DateFormat>
                            <TimeFormat>HH:mm</TimeFormat>
                        </DatetimeValidation>
                    </FieldValidation>
                    <FieldDefaultValue/>
                    <IsFieldTemplatable>true</IsFieldTemplatable>
                    <IsFieldMandatory>false</IsFieldMandatory>
                    <FieldDescription>Format dd-MM-yyyy HH:mm</FieldDescription>
                    <FieldAccessLevel>1</FieldAccessLevel>
                    <FieldScope>Local</FieldScope>
                </PageletField>
                <PageletField>
                    <FieldOrderID>6</FieldOrderID>
                    <FieldName>cav_sp_gt_ann_start</FieldName>
                    <FieldDisplayName>Start Date Time</FieldDisplayName>
                    <FieldType>Datetime</FieldType>
                    <FieldValidation>
                        <DatetimeValidation>
                            <DateFormat>dd-MM-yyyy</DateFormat>
                            <TimeFormat>HH:mm</TimeFormat>
                        </DatetimeValidation>
                    </FieldValidation>
                    <FieldDefaultValue/>
                    <IsFieldTemplatable>true</IsFieldTemplatable>
                    <IsFieldMandatory>false</IsFieldMandatory>
                    <FieldDescription>Format dd-MM-yyyy HH:mm</FieldDescription>
                    <FieldAccessLevel>1</FieldAccessLevel>
                    <FieldScope>Local</FieldScope>
                </PageletField>
                <PageletField>
                    <FieldOrderID>4</FieldOrderID>
                    <FieldName>cav_officehour_holiday</FieldName>
                    <FieldDisplayName>Holiday List</FieldDisplayName>
                    <FieldType>String</FieldType>
                    <FieldValidation>
                        <StringValidation>
                            <MinLength>0</MinLength>
                            <MaxLength>2147483647</MaxLength>
                        </StringValidation>
                    </FieldValidation>
                    <FieldDefaultValue/>
                    <IsFieldTemplatable>true</IsFieldTemplatable>
                    <IsFieldMandatory>true</IsFieldMandatory>
                    <FieldDescription>Format dd-MM-yyyy and Delimited with pipe</FieldDescription>
                    <FieldAccessLevel>1</FieldAccessLevel>
                    <FieldScope>Local</FieldScope>
                </PageletField>
                <PageletField>
                    <FieldOrderID>12</FieldOrderID>
                    <FieldName>cav_sp_off_ann_start2</FieldName>
                    <FieldDisplayName>Start Date Time 2</FieldDisplayName>
                    <FieldType>Datetime</FieldType>
                    <FieldValidation>
                        <DatetimeValidation>
                            <DateFormat>dd-MM-yyyy</DateFormat>
                            <TimeFormat>HH:mm</TimeFormat>
                        </DatetimeValidation>
                    </FieldValidation>
                    <FieldDefaultValue/>
                    <IsFieldTemplatable>true</IsFieldTemplatable>
                    <IsFieldMandatory>false</IsFieldMandatory>
                    <FieldDescription>Format dd-MM-yyyy HH:mm</FieldDescription>
                    <FieldAccessLevel>1</FieldAccessLevel>
                    <FieldScope>Local</FieldScope>
                </PageletField>
                <PageletField>
                    <FieldOrderID>13</FieldOrderID>
                    <FieldName>cav_sp_off_ann_stop2</FieldName>
                    <FieldDisplayName>Stop Date Time 2</FieldDisplayName>
                    <FieldType>Datetime</FieldType>
                    <FieldValidation>
                        <DatetimeValidation>
                            <DateFormat>dd-MM-yyyy</DateFormat>
                            <TimeFormat>HH:mm</TimeFormat>
                        </DatetimeValidation>
                    </FieldValidation>
                    <FieldDefaultValue/>
                    <IsFieldTemplatable>true</IsFieldTemplatable>
                    <IsFieldMandatory>false</IsFieldMandatory>
                    <FieldDescription>Format dd-MM-yyyy HH:mm</FieldDescription>
                    <FieldAccessLevel>1</FieldAccessLevel>
                    <FieldScope>Local</FieldScope>
                </PageletField>
                <PageletField>
                    <FieldOrderID>9</FieldOrderID>
                    <FieldName>cav_sp_off_ann_start</FieldName>
                    <FieldDisplayName>Start Date Time</FieldDisplayName>
                    <FieldType>Datetime</FieldType>
                    <FieldValidation>
                        <DatetimeValidation>
                            <DateFormat>dd-MM-yyyy</DateFormat>
                            <TimeFormat>HH:mm</TimeFormat>
                        </DatetimeValidation>
                    </FieldValidation>
                    <FieldDefaultValue/>
                    <IsFieldTemplatable>true</IsFieldTemplatable>
                    <IsFieldMandatory>false</IsFieldMandatory>
                    <FieldDescription>Format dd-MM-yyyy HH:mm</FieldDescription>
                    <FieldAccessLevel>1</FieldAccessLevel>
                    <FieldScope>Local</FieldScope>
                </PageletField>
                <PageletField>
                    <FieldOrderID>10</FieldOrderID>
                    <FieldName>cav_sp_off_ann_stop</FieldName>
                    <FieldDisplayName>Stop Date Time</FieldDisplayName>
                    <FieldType>Datetime</FieldType>
                    <FieldValidation>
                        <DatetimeValidation>
                            <DateFormat>dd-MM-yyyy</DateFormat>
                            <TimeFormat>HH:mm</TimeFormat>
                        </DatetimeValidation>
                    </FieldValidation>
                    <FieldDefaultValue/>
                    <IsFieldTemplatable>true</IsFieldTemplatable>
                    <IsFieldMandatory>false</IsFieldMandatory>
                    <FieldDescription>Format dd-MM-yyyy HH:mm</FieldDescription>
                    <FieldAccessLevel>1</FieldAccessLevel>
                    <FieldScope>Local</FieldScope>
                </PageletField>
                <PageletField>
                    <FieldOrderID>18</FieldOrderID>
                    <FieldName>cav_sp_exp_ann_start</FieldName>
                    <FieldDisplayName>Start Date Time</FieldDisplayName>
                    <FieldType>Datetime</FieldType>
                    <FieldValidation>
                        <DatetimeValidation>
                            <DateFormat>dd-MM-yyyy</DateFormat>
                            <TimeFormat>HH:mm</TimeFormat>
                        </DatetimeValidation>
                    </FieldValidation>
                    <FieldDefaultValue/>
                    <IsFieldTemplatable>true</IsFieldTemplatable>
                    <IsFieldMandatory>false</IsFieldMandatory>
                    <FieldDescription>Format dd-MM-yyyy HH:mm</FieldDescription>
                    <FieldAccessLevel>1</FieldAccessLevel>
                    <FieldScope>Local</FieldScope>
                </PageletField>
                <PageletField>
                    <FieldOrderID>1</FieldOrderID>
                    <FieldName>cav_officehour_day</FieldName>
                    <FieldDisplayName>Working Day</FieldDisplayName>
                    <FieldType>List</FieldType>
                    <FieldValidation>
                        <ListValidation>
                            <ListItems>
                                <ListItem>
                                    <ItemID>Sunday</ItemID>
                                    <ItemName>Sunday</ItemName>
                                </ListItem>
                                <ListItem>
                                    <ItemID>Monday</ItemID>
                                    <ItemName>Monday</ItemName>
                                </ListItem>
                                <ListItem>
                                    <ItemID>Tuesday</ItemID>
                                    <ItemName>Tuesday</ItemName>
                                </ListItem>
                                <ListItem>
                                    <ItemID>Wednesday</ItemID>
                                    <ItemName>Wednesday</ItemName>
                                </ListItem>
                                <ListItem>
                                    <ItemID>Thursday</ItemID>
                                    <ItemName>Thursday</ItemName>
                                </ListItem>
                                <ListItem>
                                    <ItemID>Friday</ItemID>
                                    <ItemName>Friday</ItemName>
                                </ListItem>
                                <ListItem>
                                    <ItemID>Saturday</ItemID>
                                    <ItemName>Saturday</ItemName>
                                </ListItem>
                            </ListItems>
                        </ListValidation>
                    </FieldValidation>
                    <FieldDefaultValue>Monday,Tuesday,Wednesday,Thursday,Friday</FieldDefaultValue>
                    <IsFieldTemplatable>true</IsFieldTemplatable>
                    <IsFieldMandatory>true</IsFieldMandatory>
                    <FieldDescription/>
                    <FieldAccessLevel>1</FieldAccessLevel>
                    <FieldScope>Local</FieldScope>
                </PageletField>
            </PageletFields>
        </PageletBody>
    </DataPagelet>
</Pagelet>
